{
  "name": "Bennett Linkage (Optimized)",
  "nodes": [
    {
      "id": 0,
      "type": "R",
      "axis": [
        0.0,
        0.0,
        1.0
      ],
      "pos": [
        0.0,
        0.0,
        0.0
      ]
    },
    {
      "id": 1,
      "type": "R",
      "axis": [
        -0.4420858512513103,
        0.7446879212954943,
        0.5000000000000001
      ],
      "pos": [
        8.59891543644433,
        5.104767704497377,
        0.0
      ]
    },
    {
      "id": 2,
      "type": "R",
      "axis": [
        -0.33450406669493676,
        0.9417949481731748,
        0.03360513294180656
      ],
      "pos": [
        3.4504274643492714,
        3.3450539723305885,
        -1.9312722530367081
      ]
    },
    {
      "id": 3,
      "type": "R",
      "axis": [
        4.6085522048544547e-07,
        0.499999762841012,
        0.8660255407080784
      ],
      "pos": [
        -5.773504272940719,
        1.2597681251058646e-05,
        -8.027794978548997e-06
      ]
    }
  ],
  "links": [
    [
      0,
      1
    ],
    [
      1,
      2
    ],
    [
      2,
      3
    ],
    [
      3,
      0
    ]
  ],
  "settings": {
    "manual_path": [
      3,
      0,
      1,
      2
    ]
  }
}